dataset,method,labels,ratings,label_regime,auc,auc_std,ap,p100,seeds
bitcoin_otc,degree,no,no,injected,0.8841,,,,1
bitcoin_otc,degree,no,no,real,0.4920,,0.0760,0.0100,1
bitcoin_otc,StrGNN,yes,no,injected,0.9819,,,,2
bitcoin_otc,StrGNN,yes,no,real,0.5373,0.0190,0.0874,0.0862,8
bitcoin_otc,TADDY,no,no,injected,0.9726,,,,2
bitcoin_otc,TADDY,no,no,real,0.5390,0.0177,0.0909,0.1175,8
bitcoin_otc,SAD,yes,yes,injected,0.9779,0.0005,0.7090,0.7850,4
bitcoin_otc,SAD,yes,yes,real,0.6794,0.0070,0.2183,0.3575,8
bitcoin_otc,EVIDENT,yes,yes,injected,0.9614,,,,4
bitcoin_otc,EVIDENT,yes,yes,real,0.8622,0.0129,0.5489,0.8650,8
bitcoin_alpha,degree,no,no,injected,0.8855,,,,1
bitcoin_alpha,degree,no,no,real,0.4269,,0.0580,0.0900,1
bitcoin_alpha,StrGNN,yes,no,injected,0.9775,,,,2
bitcoin_alpha,StrGNN,yes,no,real,0.5561,0.0154,0.0751,0.0537,8
bitcoin_alpha,TADDY,no,no,injected,0.9666,,,,2
bitcoin_alpha,TADDY,no,no,real,0.5570,0.0060,0.0980,0.1837,8
bitcoin_alpha,SAD,yes,yes,injected,0.9443,0.0017,0.5789,0.7025,4
bitcoin_alpha,SAD,yes,yes,real,0.5974,0.0140,0.0997,0.1600,8
bitcoin_alpha,EVIDENT,yes,yes,injected,0.9271,,,,4
bitcoin_alpha,EVIDENT,yes,yes,real,0.7606,0.0186,0.2519,0.4163,8
