dataset,method,seed,auc
bitcoin_otc,StrGNN,0,0.5280
bitcoin_otc,StrGNN,1,0.5763
bitcoin_otc,StrGNN,2,0.5399
bitcoin_otc,StrGNN,3,0.5284
bitcoin_otc,StrGNN,4,0.5456
bitcoin_otc,StrGNN,5,0.5311
bitcoin_otc,StrGNN,6,0.5385
bitcoin_otc,StrGNN,7,0.5103
bitcoin_otc,TADDY,0,0.5361
bitcoin_otc,TADDY,1,0.5499
bitcoin_otc,TADDY,2,0.5542
bitcoin_otc,TADDY,3,0.5005
bitcoin_otc,TADDY,4,0.5304
bitcoin_otc,TADDY,5,0.5391
bitcoin_otc,TADDY,6,0.5498
bitcoin_otc,TADDY,7,0.5517
bitcoin_otc,SAD,0,0.6757
bitcoin_otc,SAD,1,0.6816
bitcoin_otc,SAD,2,0.6788
bitcoin_otc,SAD,3,0.6893
bitcoin_otc,SAD,4,0.6818
bitcoin_otc,SAD,5,0.6732
bitcoin_otc,SAD,6,0.6869
bitcoin_otc,SAD,7,0.6680
bitcoin_otc,EVIDENT,0,0.8373
bitcoin_otc,EVIDENT,1,0.8676
bitcoin_otc,EVIDENT,2,0.8717
bitcoin_otc,EVIDENT,3,0.8562
bitcoin_otc,EVIDENT,4,0.8715
bitcoin_otc,EVIDENT,5,0.8784
bitcoin_otc,EVIDENT,6,0.8568
bitcoin_otc,EVIDENT,7,0.8585
bitcoin_alpha,StrGNN,0,0.5657
bitcoin_alpha,StrGNN,1,0.5571
bitcoin_alpha,StrGNN,2,0.5575
bitcoin_alpha,StrGNN,3,0.5474
bitcoin_alpha,StrGNN,4,0.5630
bitcoin_alpha,StrGNN,5,0.5765
bitcoin_alpha,StrGNN,6,0.5576
bitcoin_alpha,StrGNN,7,0.5242
bitcoin_alpha,TADDY,0,0.5591
bitcoin_alpha,TADDY,1,0.5541
bitcoin_alpha,TADDY,2,0.5595
bitcoin_alpha,TADDY,3,0.5611
bitcoin_alpha,TADDY,4,0.5566
bitcoin_alpha,TADDY,5,0.5446
bitcoin_alpha,TADDY,6,0.5647
bitcoin_alpha,TADDY,7,0.5560
bitcoin_alpha,SAD,0,0.6008
bitcoin_alpha,SAD,1,0.5984
bitcoin_alpha,SAD,2,0.5950
bitcoin_alpha,SAD,3,0.5880
bitcoin_alpha,SAD,4,0.5869
bitcoin_alpha,SAD,5,0.5779
bitcoin_alpha,SAD,6,0.6225
bitcoin_alpha,SAD,7,0.6098
bitcoin_alpha,EVIDENT,0,0.7414
bitcoin_alpha,EVIDENT,1,0.7364
bitcoin_alpha,EVIDENT,2,0.7734
bitcoin_alpha,EVIDENT,3,0.7652
bitcoin_alpha,EVIDENT,4,0.7895
bitcoin_alpha,EVIDENT,5,0.7644
bitcoin_alpha,EVIDENT,6,0.7429
bitcoin_alpha,EVIDENT,7,0.7717
