dataset,budget_p,d_model,auc,ap,rationale_advantage,evidence_precision_lift
bitcoin_otc,0.2,64,0.8223,0.5012,0.2288,1.0333
bitcoin_otc,0.05,32,0.8056,0.5076,0.1979,0.985
bitcoin_otc,0.1,32,0.7691,0.4531,0.117,0.6896
bitcoin_otc,0.2,32,0.7842,0.458,0.1426,1.0829
bitcoin_otc,0.33,32,0.7698,0.4201,0.0919,0.8506
bitcoin_otc,0.5,32,0.824,0.4677,0.1591,0.831
bitcoin_otc,0.75,32,0.868,0.5274,0.0031,1.1617
bitcoin_otc,1.0,32,0.8878,0.5506,0.0,1.0
bitcoin_otc,0.05,64,0.8603,0.5197,0.2465,1.0587
bitcoin_otc,0.1,64,0.8511,0.5514,0.1998,1.0426
bitcoin_otc,0.33,64,0.8067,0.4132,0.1258,1.0197
bitcoin_otc,0.5,64,0.8533,0.4893,0.1201,1.0602
bitcoin_otc,0.75,64,0.8939,0.5603,0.0045,1.1805
bitcoin_otc,1.0,64,0.8928,0.5797,0.0,1.0
bitcoin_otc,0.05,128,0.8604,0.5397,0.2431,1.623
bitcoin_otc,0.1,128,0.8653,0.5582,0.1915,2.3407
bitcoin_otc,0.2,128,0.869,0.5601,0.1511,2.4331
bitcoin_otc,0.33,128,0.8837,0.578,0.0689,1.8071
bitcoin_otc,0.5,128,0.8795,0.5963,0.0504,1.4956
bitcoin_otc,0.75,128,0.883,0.5765,0.0085,1.1549
bitcoin_otc,1.0,128,0.8933,0.6167,0.0,1.0
